;parent;inner.parent;inner.name;inner.inner.name
0;marketing;What is the basic meaning of marketing?;What are the 7 principles of marketing?;What are the 8 P's of marketing?
1;marketing;What is the basic meaning of marketing?;What are the 7 principles of marketing?;How is marketing used in business?
2;marketing;What is the basic meaning of marketing?;What are the 7 principles of marketing?;What are the 4 P's of Social Marketing?
3;marketing;What is the basic meaning of marketing?;What are the 7 principles of marketing?;What is marketing mix with example?
4;marketing;What is the basic meaning of marketing?;What are the 7 principles of marketing?;What is the difference between sales and marketing?
5;marketing;What is the basic meaning of marketing?;What are the 7 principles of marketing?;What is marketing by Kotler?
6;marketing;What is the basic meaning of marketing?;What are the 7 principles of marketing?;What are the 5 marketing concepts?
7;marketing;What is the basic meaning of marketing?;What are the 7 principles of marketing?;What are the four basic marketing strategies?
9;marketing;What is the basic meaning of marketing?;What are the 7 principles of marketing?;What are the four principles of marketing?
10;marketing;What is the basic meaning of marketing?;What is the main goal of marketing?;What are the 5 common goals of marketing?
11;marketing;What is the basic meaning of marketing?;What is the main goal of marketing?;What are examples of marketing goals?
12;marketing;What is the basic meaning of marketing?;What is the main goal of marketing?;What are tactics in marketing?
13;marketing;What is the basic meaning of marketing?;What is the main goal of marketing?;What are the objectives of marketing?
14;marketing;What is the basic meaning of marketing?;What is the main goal of marketing?;What are the principles of marketing?
15;marketing;What is the basic meaning of marketing?;What is the main goal of marketing?;How do you increase sales?
16;marketing;What is the basic meaning of marketing?;What is the main goal of marketing?;How do you develop marketing goals?
17;marketing;What is the basic meaning of marketing?;What is the main goal of marketing?;What is a marketing strategy example?
18;marketing;What is the basic meaning of marketing?;What is the main goal of marketing?;What are marketing responsibilities?
22;marketing;What are the 5 marketing concepts?;What are the 4 stages of marketing?;What are the 7 steps of marketing?
23;marketing;What are the 5 marketing concepts?;What are the 4 stages of marketing?;What are the 7 C's of marketing?
24;marketing;What are the 5 marketing concepts?;What are the 4 stages of marketing?;What are the steps to marketing?
25;marketing;What are the 5 marketing concepts?;What are the 4 stages of marketing?;What are the 7 marketing core functions?
26;marketing;What are the 5 marketing concepts?;What are the 4 stages of marketing?;What is the evolution of marketing?
27;marketing;What are the 5 marketing concepts?;What are the 4 stages of marketing?;What is the basics of marketing?
31;marketing;What are the 5 marketing concepts?;What are the 5 promotional strategies?;What are the 4 types of promotion?
32;marketing;What are the 5 marketing concepts?;What are the 5 promotional strategies?;What are the best marketing strategies?
33;marketing;What are the 5 marketing concepts?;What are the 5 promotional strategies?;What are the five major promotion tools for marketing?
34;marketing;What are the 5 marketing concepts?;What are the 5 promotional strategies?;What type of marketing is the most expensive form of marketing?
35;marketing;What are the 5 marketing concepts?;What are the 5 promotional strategies?;What are promotional tools in marketing?
36;marketing;What are the 5 marketing concepts?;What are the 5 promotional strategies?;What are the promotional activities in marketing?
38;marketing;What are the 5 marketing concepts?;What are the 5 promotional strategies?;What are marketing strategies examples?
39;marketing;What are the 5 marketing concepts?;What are the 5 promotional strategies?;What are some good marketing strategies?
41;marketing;What are the 5 marketing concepts?;What are the 5 promotional strategies?;What are the 5 elements of promotion?
43;marketing;What are the 5 marketing concepts?;What are the 5 marketing philosophies?;What are the 3 marketing concepts?
44;marketing;What are the 5 marketing concepts?;What are the 5 marketing philosophies?;What is Consumer Behaviour in marketing?
45;marketing;What are the 5 marketing concepts?;What are the 5 marketing philosophies?;What are the philosophy of marketing?
46;marketing;What are the 5 marketing concepts?;What are the 5 marketing philosophies?;What is the difference between selling and marketing?
47;marketing;What are the 5 marketing concepts?;What are the 5 marketing philosophies?;What are the four philosophies of marketing?
48;marketing;What are the 5 marketing concepts?;What are the 5 marketing philosophies?;What are the types of marketing management?
52;marketing;What is the best definition of marketing?;Who is Kotler in marketing?;Who is the father of marketing?
53;marketing;What is the best definition of marketing?;Who is Kotler in marketing?;What called marketing?
54;marketing;What is the best definition of marketing?;Who is Kotler in marketing?;What is the main aim of marketing?
55;marketing;What is the best definition of marketing?;Who is Kotler in marketing?;Who invented marketing?
56;marketing;What is the best definition of marketing?;Who is Kotler in marketing?;What is the marketing process?
57;marketing;What is the best definition of marketing?;Who is Kotler in marketing?;Who is a customer in marketing?
58;marketing;What is the best definition of marketing?;What is marketing in simple words?;What are the 7 principles of marketing?
59;marketing;What is the best definition of marketing?;What is marketing in simple words?;What is marketing and its example?
60;marketing;What is the best definition of marketing?;What is marketing in simple words?;Who is a marketer in business?
61;marketing;What is the best definition of marketing?;What is marketing in simple words?;What is the role of marketing?
62;marketing;What is the best definition of marketing?;What is marketing in simple words?;What is marketing and its types?
65;marketing;What is the best definition of marketing?;How do you describe marketing?;How can I get into marketing?
66;marketing;What is the best definition of marketing?;How do you describe marketing?;Why should I study marketing?
67;marketing;What is the best definition of marketing?;How do you describe marketing?;How is marketing different from advertising?
68;marketing;What is the best definition of marketing?;How do you describe marketing?;What is marketing in simple words?
69;marketing;What is the best definition of marketing?;How do you describe marketing?;What are the 4 main customer needs?
70;marketing;What are the 4 types of marketing strategies?;What type of marketing is most effective?;How do you do effective marketing?
71;marketing;What are the 4 types of marketing strategies?;What type of marketing is most effective?;Which online marketing is best?
72;marketing;What are the 4 types of marketing strategies?;What are the four types of marketing channels?;What are marketing channels with examples?
73;marketing;What are the 4 types of marketing strategies?;What are the four types of marketing channels?;What are the three marketing channels?
74;marketing;What are the 4 types of marketing strategies?;What are the four types of marketing channels?;What are the 3 types of distribution?
